rmse,mae,mape,smape
558.548729847468,92.4780303406167,Inf,3.5614494615007786
