rmse,mae,mape,smape
1072.0603072679755,234.9399151835256,Inf,8.789612613051014
