rmse,mae,mape,smape
749.7669662722412,158.53711481837723,Inf,6.617547909367874
