rmse,mae,mape,smape
479.9002292667465,67.01165741400378,Inf,5.5415013073311306
