scenario,avg_change,pct_change
Fuel +10%,-0.44615396781018973,3.136205270701147
CPI -10%,-5.40525343426294,0.43222319544255944
Temp +5°F,-0.3733795324549381,0.16506014403617952
Holiday Promotion,-0.26531372315671026,-0.03474614719134907
Combined Shock,-7.58740421129577,3.635308935934367
