rmse,mae,mape,smape
599.3253560637379,102.57789634157757,Inf,4.0205380699551
