rmse,mae,mape,smape
674.9889237681409,129.77147093608232,Inf,4.926028792277139
